id,company_id,department_id,designation_id,grade_id,joining_date,previous_id_number,id_number,given_id_number,name,father_or_husband_name,mother_name,date_of_birth,gender,marital_status,religion,present_address,present_phone_number,permanent_address,permanent_phone_number,email,nationality,national_id,employee_type,p_bonus_type,height,weight,phone_no,blood_group,guardian_name,guardian_phone_no_1,guardian_phone_no_2,guardian_relation,guardian_address,references_name,references_phone_no_1,references_phone_no_2,references_relation,references_address,bank_id,bank_account_no,e_tin_number,examination,number,passing_year,board,company_name,designation,duration
3,1,1,1,1,2019-09-30,112234,190101012,2,Demo Name 2,Father Name 2,Mother Name 2,2019-09-25,Male,Single,Muslim,Kollyanpur Dhaka,4356789,Khulna2,1345326789,email1@gmail.com1,Bangladesh,223000,Regular,Applicable,5.7,75kg,2567889,B+,Guardian Name,3287385,458564432,Relation,Address,References Name,1525325444,2523254555,Relation,Address,1,123456,112243544,SSC,117847,2019,JS,Demo Company,Designation,2 year
4,1,1,1,1,2019-09-30,112235,190101013,3,Demo Name 3,Father Name 3,Mother Name 3,2019-09-26,Male,Single,Muslim,Kollyanpur Dhaka,4356790,Khulna3,1345326790,email1@gmail.com2,Bangladesh,223001,Regular,Applicable,5.7,76kg,2567890,B+,Guardian Name,3287386,458564433,Relation,Address,References Name,1525325445,2523254556,Relation,Address,1,123457,112243545,SSC,117848,2020,JS,Demo Company,Designation,3 year
5,1,1,1,1,2019-09-30,112236,190101014,4,Demo Name 4,Father Name 4,Mother Name 4,2019-09-26,Male,Single,Muslim,Kollyanpur Dhaka,4356791,Khulna4,1345326791,email1@gmail.com3,Bangladesh,223002,Regular,Applicable,5.7,76kg,2567891,B+,Guardian Name,3287387,458564434,Relation,Address,References Name,1525325446,2523254557,Relation,Address,1,123458,112243546,SSC,117849,2021,JS,Demo Company,Designation,4 year
6,1,1,1,1,2019-09-30,112237,190101015,5,Demo Name 5,Father Name 5,Mother Name 5,2019-09-27,Male,Single,Muslim,Kollyanpur Dhaka,4356792,Khulna5,1345326792,email1@gmail.com4,Bangladesh,223003,Regular,Applicable,5.7,77kg,2567892,B+,Guardian Name,3287388,458564435,Relation,Address,References Name,1525325447,2523254558,Relation,Address,1,123459,112243547,SSC,117850,2022,JS,Demo Company,Designation,5 year
7,1,1,1,1,2019-09-30,112238,190101016,6,Demo Name 6,Father Name 6,Mother Name 6,2019-09-27,Male,Single,Muslim,Kollyanpur Dhaka,4356793,Khulna6,1345326793,email1@gmail.com5,Bangladesh,223004,Regular,Applicable,5.7,77kg,2567893,B+,Guardian Name,3287389,458564436,Relation,Address,References Name,1525325448,2523254559,Relation,Address,1,123460,112243548,SSC,117851,2023,JS,Demo Company,Designation,6 year
8,1,1,1,1,2019-09-30,112239,190101017,7,Demo Name 7,Father Name 7,Mother Name 7,2019-09-28,Male,Single,Muslim,Kollyanpur Dhaka,4356794,Khulna7,1345326794,email1@gmail.com6,Bangladesh,223005,Regular,Applicable,5.7,78kg,2567894,B+,Guardian Name,3287390,458564437,Relation,Address,References Name,1525325449,2523254560,Relation,Address,1,123461,112243549,SSC,117852,2024,JS,Demo Company,Designation,7 year
9,1,1,1,1,2019-09-30,112240,190101018,8,Demo Name 8,Father Name 8,Mother Name 8,2019-09-28,Male,Single,Muslim,Kollyanpur Dhaka,4356795,Khulna8,1345326795,email1@gmail.com7,Bangladesh,223006,Regular,Applicable,5.7,78kg,2567895,B+,Guardian Name,3287391,458564438,Relation,Address,References Name,1525325450,2523254561,Relation,Address,1,123462,112243550,SSC,117853,2025,JS,Demo Company,Designation,8 year
10,1,1,1,1,2019-09-30,112241,190101019,9,Demo Name 9,Father Name 9,Mother Name 9,2019-09-29,Male,Single,Muslim,Kollyanpur Dhaka,4356796,Khulna9,1345326796,email1@gmail.com8,Bangladesh,223007,Regular,Applicable,5.7,79kg,2567896,B+,Guardian Name,3287392,458564439,Relation,Address,References Name,1525325451,2523254562,Relation,Address,1,123463,112243551,SSC,117854,2026,JS,Demo Company,Designation,9 year
11,1,1,1,1,2019-09-30,112242,190101020,10,Demo Name 10,Father Name 10,Mother Name 10,2019-09-29,Male,Single,Muslim,Kollyanpur Dhaka,4356797,Khulna10,1345326797,email1@gmail.com9,Bangladesh,223008,Regular,Applicable,5.7,79kg,2567897,B+,Guardian Name,3287393,458564440,Relation,Address,References Name,1525325452,2523254563,Relation,Address,1,123464,112243552,SSC,117855,2027,JS,Demo Company,Designation,10 year
12,1,1,1,1,2019-09-30,112243,190101021,11,Demo Name 11,Father Name 11,Mother Name 11,2019-09-30,Male,Single,Muslim,Kollyanpur Dhaka,4356798,Khulna11,1345326798,email1@gmail.com10,Bangladesh,223009,Regular,Applicable,5.7,80kg,2567898,B+,Guardian Name,3287394,458564441,Relation,Address,References Name,1525325453,2523254564,Relation,Address,1,123465,112243553,SSC,117856,2028,JS,Demo Company,Designation,11 year
13,1,1,1,1,2019-09-30,112244,190101022,12,Demo Name 12,Father Name 12,Mother Name 12,2019-09-30,Male,Single,Muslim,Kollyanpur Dhaka,4356799,Khulna12,1345326799,email1@gmail.com11,Bangladesh,223010,Regular,Applicable,5.7,80kg,2567899,B+,Guardian Name,3287395,458564442,Relation,Address,References Name,1525325454,2523254565,Relation,Address,1,123466,112243554,SSC,117857,2029,JS,Demo Company,Designation,12 year
14,1,1,1,1,2019-09-30,112245,190101023,13,Demo Name 13,Father Name 13,Mother Name 13,2019-09-31,Male,Single,Muslim,Kollyanpur Dhaka,4356800,Khulna13,1345326800,email1@gmail.com12,Bangladesh,223011,Regular,Applicable,5.7,81kg,2567900,B+,Guardian Name,3287396,458564443,Relation,Address,References Name,1525325455,2523254566,Relation,Address,1,123467,112243555,SSC,117858,2030,JS,Demo Company,Designation,13 year
15,1,1,1,1,2019-09-30,112246,190101024,14,Demo Name 14,Father Name 14,Mother Name 14,2019-09-31,Male,Single,Muslim,Kollyanpur Dhaka,4356801,Khulna14,1345326801,email1@gmail.com13,Bangladesh,223012,Regular,Applicable,5.7,81kg,2567901,B+,Guardian Name,3287397,458564444,Relation,Address,References Name,1525325456,2523254567,Relation,Address,1,123468,112243556,SSC,117859,2031,JS,Demo Company,Designation,14 year
16,1,1,1,1,2019-09-30,112247,190101025,15,Demo Name 15,Father Name 15,Mother Name 15,2019-09-32,Male,Single,Muslim,Kollyanpur Dhaka,4356802,Khulna15,1345326802,email1@gmail.com14,Bangladesh,223013,Regular,Applicable,5.7,82kg,2567902,B+,Guardian Name,3287398,458564445,Relation,Address,References Name,1525325457,2523254568,Relation,Address,1,123469,112243557,SSC,117860,2032,JS,Demo Company,Designation,15 year
17,1,1,1,1,2019-09-30,112248,190101026,16,Demo Name 16,Father Name 16,Mother Name 16,2019-09-32,Male,Single,Muslim,Kollyanpur Dhaka,4356803,Khulna16,1345326803,email1@gmail.com15,Bangladesh,223014,Regular,Applicable,5.7,82kg,2567903,B+,Guardian Name,3287399,458564446,Relation,Address,References Name,1525325458,2523254569,Relation,Address,1,123470,112243558,SSC,117861,2033,JS,Demo Company,Designation,16 year
18,1,1,1,1,2019-09-30,112249,190101027,17,Demo Name 17,Father Name 17,Mother Name 17,2019-09-33,Male,Single,Muslim,Kollyanpur Dhaka,4356804,Khulna17,1345326804,email1@gmail.com16,Bangladesh,223015,Regular,Applicable,5.7,83kg,2567904,B+,Guardian Name,3287400,458564447,Relation,Address,References Name,1525325459,2523254570,Relation,Address,1,123471,112243559,SSC,117862,2034,JS,Demo Company,Designation,17 year
19,1,1,1,1,2019-09-30,112250,190101028,18,Demo Name 18,Father Name 18,Mother Name 18,2019-09-33,Male,Single,Muslim,Kollyanpur Dhaka,4356805,Khulna18,1345326805,email1@gmail.com17,Bangladesh,223016,Regular,Applicable,5.7,83kg,2567905,B+,Guardian Name,3287401,458564448,Relation,Address,References Name,1525325460,2523254571,Relation,Address,1,123472,112243560,SSC,117863,2035,JS,Demo Company,Designation,18 year
20,1,1,1,1,2019-09-30,112251,190101029,19,Demo Name 19,Father Name 19,Mother Name 19,2019-09-34,Male,Single,Muslim,Kollyanpur Dhaka,4356806,Khulna19,1345326806,email1@gmail.com18,Bangladesh,223017,Regular,Applicable,5.7,84kg,2567906,B+,Guardian Name,3287402,458564449,Relation,Address,References Name,1525325461,2523254572,Relation,Address,1,123473,112243561,SSC,117864,2036,JS,Demo Company,Designation,19 year
21,1,1,1,1,2019-09-30,112252,190101030,20,Demo Name 20,Father Name 20,Mother Name 20,2019-09-34,Male,Single,Muslim,Kollyanpur Dhaka,4356807,Khulna20,1345326807,email1@gmail.com19,Bangladesh,223018,Regular,Applicable,5.7,84kg,2567907,B+,Guardian Name,3287403,458564450,Relation,Address,References Name,1525325462,2523254573,Relation,Address,1,123474,112243562,SSC,117865,2037,JS,Demo Company,Designation,20 year
22,1,1,1,1,2019-09-30,112253,190101031,21,Demo Name 21,Father Name 21,Mother Name 21,2019-09-35,Male,Single,Muslim,Kollyanpur Dhaka,4356808,Khulna21,1345326808,email1@gmail.com20,Bangladesh,223019,Regular,Applicable,5.7,85kg,2567908,B+,Guardian Name,3287404,458564451,Relation,Address,References Name,1525325463,2523254574,Relation,Address,1,123475,112243563,SSC,117866,2038,JS,Demo Company,Designation,21 year
23,1,1,1,1,2019-09-30,112254,190101032,22,Demo Name 22,Father Name 22,Mother Name 22,2019-09-35,Male,Single,Muslim,Kollyanpur Dhaka,4356809,Khulna22,1345326809,email1@gmail.com21,Bangladesh,223020,Regular,Applicable,5.7,85kg,2567909,B+,Guardian Name,3287405,458564452,Relation,Address,References Name,1525325464,2523254575,Relation,Address,1,123476,112243564,SSC,117867,2039,JS,Demo Company,Designation,22 year
24,1,1,1,1,2019-09-30,112255,190101033,23,Demo Name 23,Father Name 23,Mother Name 23,2019-09-36,Male,Single,Muslim,Kollyanpur Dhaka,4356810,Khulna23,1345326810,email1@gmail.com22,Bangladesh,223021,Regular,Applicable,5.7,86kg,2567910,B+,Guardian Name,3287406,458564453,Relation,Address,References Name,1525325465,2523254576,Relation,Address,1,123477,112243565,SSC,117868,2040,JS,Demo Company,Designation,23 year
25,1,1,1,1,2019-09-30,112256,190101034,24,Demo Name 24,Father Name 24,Mother Name 24,2019-09-36,Male,Single,Muslim,Kollyanpur Dhaka,4356811,Khulna24,1345326811,email1@gmail.com23,Bangladesh,223022,Regular,Applicable,5.7,86kg,2567911,B+,Guardian Name,3287407,458564454,Relation,Address,References Name,1525325466,2523254577,Relation,Address,1,123478,112243566,SSC,117869,2041,JS,Demo Company,Designation,24 year
26,1,1,1,1,2019-09-30,112257,190101035,25,Demo Name 25,Father Name 25,Mother Name 25,2019-09-37,Male,Single,Muslim,Kollyanpur Dhaka,4356812,Khulna25,1345326812,email1@gmail.com24,Bangladesh,223023,Regular,Applicable,5.7,87kg,2567912,B+,Guardian Name,3287408,458564455,Relation,Address,References Name,1525325467,2523254578,Relation,Address,1,123479,112243567,SSC,117870,2042,JS,Demo Company,Designation,25 year
27,1,1,1,1,2019-09-30,112258,190101036,26,Demo Name 26,Father Name 26,Mother Name 26,2019-09-37,Male,Single,Muslim,Kollyanpur Dhaka,4356813,Khulna26,1345326813,email1@gmail.com25,Bangladesh,223024,Regular,Applicable,5.7,87kg,2567913,B+,Guardian Name,3287409,458564456,Relation,Address,References Name,1525325468,2523254579,Relation,Address,1,123480,112243568,SSC,117871,2043,JS,Demo Company,Designation,26 year
28,1,1,1,1,2019-09-30,112259,190101037,27,Demo Name 27,Father Name 27,Mother Name 27,2019-09-38,Male,Single,Muslim,Kollyanpur Dhaka,4356814,Khulna27,1345326814,email1@gmail.com26,Bangladesh,223025,Regular,Applicable,5.7,88kg,2567914,B+,Guardian Name,3287410,458564457,Relation,Address,References Name,1525325469,2523254580,Relation,Address,1,123481,112243569,SSC,117872,2044,JS,Demo Company,Designation,27 year
29,1,1,1,1,2019-09-30,112260,190101038,28,Demo Name 28,Father Name 28,Mother Name 28,2019-09-38,Male,Single,Muslim,Kollyanpur Dhaka,4356815,Khulna28,1345326815,email1@gmail.com27,Bangladesh,223026,Regular,Applicable,5.7,88kg,2567915,B+,Guardian Name,3287411,458564458,Relation,Address,References Name,1525325470,2523254581,Relation,Address,1,123482,112243570,SSC,117873,2045,JS,Demo Company,Designation,28 year
30,1,1,1,1,2019-09-30,112261,190101039,29,Demo Name 29,Father Name 29,Mother Name 29,2019-09-39,Male,Single,Muslim,Kollyanpur Dhaka,4356816,Khulna29,1345326816,email1@gmail.com28,Bangladesh,223027,Regular,Applicable,5.7,89kg,2567916,B+,Guardian Name,3287412,458564459,Relation,Address,References Name,1525325471,2523254582,Relation,Address,1,123483,112243571,SSC,117874,2046,JS,Demo Company,Designation,29 year
31,1,1,1,1,2019-09-30,112262,190101040,30,Demo Name 30,Father Name 30,Mother Name 30,2019-09-39,Male,Single,Muslim,Kollyanpur Dhaka,4356817,Khulna30,1345326817,email1@gmail.com29,Bangladesh,223028,Regular,Applicable,5.7,89kg,2567917,B+,Guardian Name,3287413,458564460,Relation,Address,References Name,1525325472,2523254583,Relation,Address,1,123484,112243572,SSC,117875,2047,JS,Demo Company,Designation,30 year
32,1,1,1,1,2019-09-30,112263,190101041,31,Demo Name 31,Father Name 31,Mother Name 31,2019-09-40,Male,Single,Muslim,Kollyanpur Dhaka,4356818,Khulna31,1345326818,email1@gmail.com30,Bangladesh,223029,Regular,Applicable,5.7,90kg,2567918,B+,Guardian Name,3287414,458564461,Relation,Address,References Name,1525325473,2523254584,Relation,Address,1,123485,112243573,SSC,117876,2048,JS,Demo Company,Designation,31 year
33,1,1,1,1,2019-09-30,112264,190101042,32,Demo Name 32,Father Name 32,Mother Name 32,2019-09-40,Male,Single,Muslim,Kollyanpur Dhaka,4356819,Khulna32,1345326819,email1@gmail.com31,Bangladesh,223030,Regular,Applicable,5.7,90kg,2567919,B+,Guardian Name,3287415,458564462,Relation,Address,References Name,1525325474,2523254585,Relation,Address,1,123486,112243574,SSC,117877,2049,JS,Demo Company,Designation,32 year
34,1,1,1,1,2019-09-30,112265,190101043,33,Demo Name 33,Father Name 33,Mother Name 33,2019-09-41,Male,Single,Muslim,Kollyanpur Dhaka,4356820,Khulna33,1345326820,email1@gmail.com32,Bangladesh,223031,Regular,Applicable,5.7,91kg,2567920,B+,Guardian Name,3287416,458564463,Relation,Address,References Name,1525325475,2523254586,Relation,Address,1,123487,112243575,SSC,117878,2050,JS,Demo Company,Designation,33 year
35,1,1,1,1,2019-09-30,112266,190101044,34,Demo Name 34,Father Name 34,Mother Name 34,2019-09-41,Male,Single,Muslim,Kollyanpur Dhaka,4356821,Khulna34,1345326821,email1@gmail.com33,Bangladesh,223032,Regular,Applicable,5.7,91kg,2567921,B+,Guardian Name,3287417,458564464,Relation,Address,References Name,1525325476,2523254587,Relation,Address,1,123488,112243576,SSC,117879,2051,JS,Demo Company,Designation,34 year
36,1,1,1,1,2019-09-30,112267,190101045,35,Demo Name 35,Father Name 35,Mother Name 35,2019-09-42,Male,Single,Muslim,Kollyanpur Dhaka,4356822,Khulna35,1345326822,email1@gmail.com34,Bangladesh,223033,Regular,Applicable,5.7,92kg,2567922,B+,Guardian Name,3287418,458564465,Relation,Address,References Name,1525325477,2523254588,Relation,Address,1,123489,112243577,SSC,117880,2052,JS,Demo Company,Designation,35 year
37,1,1,1,1,2019-09-30,112268,190101046,36,Demo Name 36,Father Name 36,Mother Name 36,2019-09-42,Male,Single,Muslim,Kollyanpur Dhaka,4356823,Khulna36,1345326823,email1@gmail.com35,Bangladesh,223034,Regular,Applicable,5.7,92kg,2567923,B+,Guardian Name,3287419,458564466,Relation,Address,References Name,1525325478,2523254589,Relation,Address,1,123490,112243578,SSC,117881,2053,JS,Demo Company,Designation,36 year
38,1,1,1,1,2019-09-30,112269,190101047,37,Demo Name 37,Father Name 37,Mother Name 37,2019-09-43,Male,Single,Muslim,Kollyanpur Dhaka,4356824,Khulna37,1345326824,email1@gmail.com36,Bangladesh,223035,Regular,Applicable,5.7,93kg,2567924,B+,Guardian Name,3287420,458564467,Relation,Address,References Name,1525325479,2523254590,Relation,Address,1,123491,112243579,SSC,117882,2054,JS,Demo Company,Designation,37 year
39,1,1,1,1,2019-09-30,112270,190101048,38,Demo Name 38,Father Name 38,Mother Name 38,2019-09-43,Male,Single,Muslim,Kollyanpur Dhaka,4356825,Khulna38,1345326825,email1@gmail.com37,Bangladesh,223036,Regular,Applicable,5.7,93kg,2567925,B+,Guardian Name,3287421,458564468,Relation,Address,References Name,1525325480,2523254591,Relation,Address,1,123492,112243580,SSC,117883,2055,JS,Demo Company,Designation,38 year
40,1,1,1,1,2019-09-30,112271,190101049,39,Demo Name 39,Father Name 39,Mother Name 39,2019-09-44,Male,Single,Muslim,Kollyanpur Dhaka,4356826,Khulna39,1345326826,email1@gmail.com38,Bangladesh,223037,Regular,Applicable,5.7,94kg,2567926,B+,Guardian Name,3287422,458564469,Relation,Address,References Name,1525325481,2523254592,Relation,Address,1,123493,112243581,SSC,117884,2056,JS,Demo Company,Designation,39 year
41,1,1,1,1,2019-09-30,112272,190101050,40,Demo Name 40,Father Name 40,Mother Name 40,2019-09-44,Male,Single,Muslim,Kollyanpur Dhaka,4356827,Khulna40,1345326827,email1@gmail.com39,Bangladesh,223038,Regular,Applicable,5.7,94kg,2567927,B+,Guardian Name,3287423,458564470,Relation,Address,References Name,1525325482,2523254593,Relation,Address,1,123494,112243582,SSC,117885,2057,JS,Demo Company,Designation,40 year
42,1,1,1,1,2019-09-30,112273,190101051,41,Demo Name 41,Father Name 41,Mother Name 41,2019-09-45,Male,Single,Muslim,Kollyanpur Dhaka,4356828,Khulna41,1345326828,email1@gmail.com40,Bangladesh,223039,Regular,Applicable,5.7,95kg,2567928,B+,Guardian Name,3287424,458564471,Relation,Address,References Name,1525325483,2523254594,Relation,Address,1,123495,112243583,SSC,117886,2058,JS,Demo Company,Designation,41 year
43,1,1,1,1,2019-09-30,112274,190101052,42,Demo Name 42,Father Name 42,Mother Name 42,2019-09-45,Male,Single,Muslim,Kollyanpur Dhaka,4356829,Khulna42,1345326829,email1@gmail.com41,Bangladesh,223040,Regular,Applicable,5.7,95kg,2567929,B+,Guardian Name,3287425,458564472,Relation,Address,References Name,1525325484,2523254595,Relation,Address,1,123496,112243584,SSC,117887,2059,JS,Demo Company,Designation,42 year
44,1,1,1,1,2019-09-30,112275,190101053,43,Demo Name 43,Father Name 43,Mother Name 43,2019-09-46,Male,Single,Muslim,Kollyanpur Dhaka,4356830,Khulna43,1345326830,email1@gmail.com42,Bangladesh,223041,Regular,Applicable,5.7,96kg,2567930,B+,Guardian Name,3287426,458564473,Relation,Address,References Name,1525325485,2523254596,Relation,Address,1,123497,112243585,SSC,117888,2060,JS,Demo Company,Designation,43 year
45,1,1,1,1,2019-09-30,112276,190101054,44,Demo Name 44,Father Name 44,Mother Name 44,2019-09-46,Male,Single,Muslim,Kollyanpur Dhaka,4356831,Khulna44,1345326831,email1@gmail.com43,Bangladesh,223042,Regular,Applicable,5.7,96kg,2567931,B+,Guardian Name,3287427,458564474,Relation,Address,References Name,1525325486,2523254597,Relation,Address,1,123498,112243586,SSC,117889,2061,JS,Demo Company,Designation,44 year
46,1,1,1,1,2019-09-30,112277,190101055,45,Demo Name 45,Father Name 45,Mother Name 45,2019-09-47,Male,Single,Muslim,Kollyanpur Dhaka,4356832,Khulna45,1345326832,email1@gmail.com44,Bangladesh,223043,Regular,Applicable,5.7,97kg,2567932,B+,Guardian Name,3287428,458564475,Relation,Address,References Name,1525325487,2523254598,Relation,Address,1,123499,112243587,SSC,117890,2062,JS,Demo Company,Designation,45 year
47,1,1,1,1,2019-09-30,112278,190101056,46,Demo Name 46,Father Name 46,Mother Name 46,2019-09-47,Male,Single,Muslim,Kollyanpur Dhaka,4356833,Khulna46,1345326833,email1@gmail.com45,Bangladesh,223044,Regular,Applicable,5.7,97kg,2567933,B+,Guardian Name,3287429,458564476,Relation,Address,References Name,1525325488,2523254599,Relation,Address,1,123500,112243588,SSC,117891,2063,JS,Demo Company,Designation,46 year
48,1,1,1,1,2019-09-30,112279,190101057,47,Demo Name 47,Father Name 47,Mother Name 47,2019-09-48,Male,Single,Muslim,Kollyanpur Dhaka,4356834,Khulna47,1345326834,email1@gmail.com46,Bangladesh,223045,Regular,Applicable,5.7,98kg,2567934,B+,Guardian Name,3287430,458564477,Relation,Address,References Name,1525325489,2523254600,Relation,Address,1,123501,112243589,SSC,117892,2064,JS,Demo Company,Designation,47 year
49,1,1,1,1,2019-09-30,112280,190101058,48,Demo Name 48,Father Name 48,Mother Name 48,2019-09-48,Male,Single,Muslim,Kollyanpur Dhaka,4356835,Khulna48,1345326835,email1@gmail.com47,Bangladesh,223046,Regular,Applicable,5.7,98kg,2567935,B+,Guardian Name,3287431,458564478,Relation,Address,References Name,1525325490,2523254601,Relation,Address,1,123502,112243590,SSC,117893,2065,JS,Demo Company,Designation,48 year
50,1,1,1,1,2019-09-30,112281,190101059,49,Demo Name 49,Father Name 49,Mother Name 49,2019-09-49,Male,Single,Muslim,Kollyanpur Dhaka,4356836,Khulna49,1345326836,email1@gmail.com48,Bangladesh,223047,Regular,Applicable,5.7,99kg,2567936,B+,Guardian Name,3287432,458564479,Relation,Address,References Name,1525325491,2523254602,Relation,Address,1,123503,112243591,SSC,117894,2066,JS,Demo Company,Designation,49 year
51,1,1,1,1,2019-09-30,112282,190101060,50,Demo Name 50,Father Name 50,Mother Name 50,2019-09-49,Male,Single,Muslim,Kollyanpur Dhaka,4356837,Khulna50,1345326837,email1@gmail.com49,Bangladesh,223048,Regular,Applicable,5.7,99kg,2567937,B+,Guardian Name,3287433,458564480,Relation,Address,References Name,1525325492,2523254603,Relation,Address,1,123504,112243592,SSC,117895,2067,JS,Demo Company,Designation,50 year
52,1,1,1,1,2019-09-30,112283,190101061,51,Demo Name 51,Father Name 51,Mother Name 51,2019-09-50,Male,Single,Muslim,Kollyanpur Dhaka,4356838,Khulna51,1345326838,email1@gmail.com50,Bangladesh,223049,Regular,Applicable,5.7,100kg,2567938,B+,Guardian Name,3287434,458564481,Relation,Address,References Name,1525325493,2523254604,Relation,Address,1,123505,112243593,SSC,117896,2068,JS,Demo Company,Designation,51 year
53,1,1,1,1,2019-09-30,112284,190101062,52,Demo Name 52,Father Name 52,Mother Name 52,2019-09-50,Male,Single,Muslim,Kollyanpur Dhaka,4356839,Khulna52,1345326839,email1@gmail.com51,Bangladesh,223050,Regular,Applicable,5.7,100kg,2567939,B+,Guardian Name,3287435,458564482,Relation,Address,References Name,1525325494,2523254605,Relation,Address,1,123506,112243594,SSC,117897,2069,JS,Demo Company,Designation,52 year
54,1,1,1,1,2019-09-30,112285,190101063,53,Demo Name 53,Father Name 53,Mother Name 53,2019-09-51,Male,Single,Muslim,Kollyanpur Dhaka,4356840,Khulna53,1345326840,email1@gmail.com52,Bangladesh,223051,Regular,Applicable,5.7,101kg,2567940,B+,Guardian Name,3287436,458564483,Relation,Address,References Name,1525325495,2523254606,Relation,Address,1,123507,112243595,SSC,117898,2070,JS,Demo Company,Designation,53 year
55,1,1,1,1,2019-09-30,112286,190101064,54,Demo Name 54,Father Name 54,Mother Name 54,2019-09-51,Male,Single,Muslim,Kollyanpur Dhaka,4356841,Khulna54,1345326841,email1@gmail.com53,Bangladesh,223052,Regular,Applicable,5.7,101kg,2567941,B+,Guardian Name,3287437,458564484,Relation,Address,References Name,1525325496,2523254607,Relation,Address,1,123508,112243596,SSC,117899,2071,JS,Demo Company,Designation,54 year
56,1,1,1,1,2019-09-30,112287,190101065,55,Demo Name 55,Father Name 55,Mother Name 55,2019-09-52,Male,Single,Muslim,Kollyanpur Dhaka,4356842,Khulna55,1345326842,email1@gmail.com54,Bangladesh,223053,Regular,Applicable,5.7,102kg,2567942,B+,Guardian Name,3287438,458564485,Relation,Address,References Name,1525325497,2523254608,Relation,Address,1,123509,112243597,SSC,117900,2072,JS,Demo Company,Designation,55 year
57,1,1,1,1,2019-09-30,112288,190101066,56,Demo Name 56,Father Name 56,Mother Name 56,2019-09-52,Male,Single,Muslim,Kollyanpur Dhaka,4356843,Khulna56,1345326843,email1@gmail.com55,Bangladesh,223054,Regular,Applicable,5.7,102kg,2567943,B+,Guardian Name,3287439,458564486,Relation,Address,References Name,1525325498,2523254609,Relation,Address,1,123510,112243598,SSC,117901,2073,JS,Demo Company,Designation,56 year
58,1,1,1,1,2019-09-30,112289,190101067,57,Demo Name 57,Father Name 57,Mother Name 57,2019-09-53,Male,Single,Muslim,Kollyanpur Dhaka,4356844,Khulna57,1345326844,email1@gmail.com56,Bangladesh,223055,Regular,Applicable,5.7,103kg,2567944,B+,Guardian Name,3287440,458564487,Relation,Address,References Name,1525325499,2523254610,Relation,Address,1,123511,112243599,SSC,117902,2074,JS,Demo Company,Designation,57 year
59,1,1,1,1,2019-09-30,112290,190101068,58,Demo Name 58,Father Name 58,Mother Name 58,2019-09-53,Male,Single,Muslim,Kollyanpur Dhaka,4356845,Khulna58,1345326845,email1@gmail.com57,Bangladesh,223056,Regular,Applicable,5.7,103kg,2567945,B+,Guardian Name,3287441,458564488,Relation,Address,References Name,1525325500,2523254611,Relation,Address,1,123512,112243600,SSC,117903,2075,JS,Demo Company,Designation,58 year
60,1,1,1,1,2019-09-30,112291,190101069,59,Demo Name 59,Father Name 59,Mother Name 59,2019-09-54,Male,Single,Muslim,Kollyanpur Dhaka,4356846,Khulna59,1345326846,email1@gmail.com58,Bangladesh,223057,Regular,Applicable,5.7,104kg,2567946,B+,Guardian Name,3287442,458564489,Relation,Address,References Name,1525325501,2523254612,Relation,Address,1,123513,112243601,SSC,117904,2076,JS,Demo Company,Designation,59 year
61,1,1,1,1,2019-09-30,112292,190101070,60,Demo Name 60,Father Name 60,Mother Name 60,2019-09-54,Male,Single,Muslim,Kollyanpur Dhaka,4356847,Khulna60,1345326847,email1@gmail.com59,Bangladesh,223058,Regular,Applicable,5.7,104kg,2567947,B+,Guardian Name,3287443,458564490,Relation,Address,References Name,1525325502,2523254613,Relation,Address,1,123514,112243602,SSC,117905,2077,JS,Demo Company,Designation,60 year
62,1,1,1,1,2019-09-30,112293,190101071,61,Demo Name 61,Father Name 61,Mother Name 61,2019-09-55,Male,Single,Muslim,Kollyanpur Dhaka,4356848,Khulna61,1345326848,email1@gmail.com60,Bangladesh,223059,Regular,Applicable,5.7,105kg,2567948,B+,Guardian Name,3287444,458564491,Relation,Address,References Name,1525325503,2523254614,Relation,Address,1,123515,112243603,SSC,117906,2078,JS,Demo Company,Designation,61 year
63,1,1,1,1,2019-09-30,112294,190101072,62,Demo Name 62,Father Name 62,Mother Name 62,2019-09-55,Male,Single,Muslim,Kollyanpur Dhaka,4356849,Khulna62,1345326849,email1@gmail.com61,Bangladesh,223060,Regular,Applicable,5.7,105kg,2567949,B+,Guardian Name,3287445,458564492,Relation,Address,References Name,1525325504,2523254615,Relation,Address,1,123516,112243604,SSC,117907,2079,JS,Demo Company,Designation,62 year
64,1,1,1,1,2019-09-30,112295,190101073,63,Demo Name 63,Father Name 63,Mother Name 63,2019-09-56,Male,Single,Muslim,Kollyanpur Dhaka,4356850,Khulna63,1345326850,email1@gmail.com62,Bangladesh,223061,Regular,Applicable,5.7,106kg,2567950,B+,Guardian Name,3287446,458564493,Relation,Address,References Name,1525325505,2523254616,Relation,Address,1,123517,112243605,SSC,117908,2080,JS,Demo Company,Designation,63 year
65,1,1,1,1,2019-09-30,112296,190101074,64,Demo Name 64,Father Name 64,Mother Name 64,2019-09-56,Male,Single,Muslim,Kollyanpur Dhaka,4356851,Khulna64,1345326851,email1@gmail.com63,Bangladesh,223062,Regular,Applicable,5.7,106kg,2567951,B+,Guardian Name,3287447,458564494,Relation,Address,References Name,1525325506,2523254617,Relation,Address,1,123518,112243606,SSC,117909,2081,JS,Demo Company,Designation,64 year
66,1,1,1,1,2019-09-30,112297,190101075,65,Demo Name 65,Father Name 65,Mother Name 65,2019-09-57,Male,Single,Muslim,Kollyanpur Dhaka,4356852,Khulna65,1345326852,email1@gmail.com64,Bangladesh,223063,Regular,Applicable,5.7,107kg,2567952,B+,Guardian Name,3287448,458564495,Relation,Address,References Name,1525325507,2523254618,Relation,Address,1,123519,112243607,SSC,117910,2082,JS,Demo Company,Designation,65 year
67,1,1,1,1,2019-09-30,112298,190101076,66,Demo Name 66,Father Name 66,Mother Name 66,2019-09-57,Male,Single,Muslim,Kollyanpur Dhaka,4356853,Khulna66,1345326853,email1@gmail.com65,Bangladesh,223064,Regular,Applicable,5.7,107kg,2567953,B+,Guardian Name,3287449,458564496,Relation,Address,References Name,1525325508,2523254619,Relation,Address,1,123520,112243608,SSC,117911,2083,JS,Demo Company,Designation,66 year
68,1,1,1,1,2019-09-30,112299,190101077,67,Demo Name 67,Father Name 67,Mother Name 67,2019-09-58,Male,Single,Muslim,Kollyanpur Dhaka,4356854,Khulna67,1345326854,email1@gmail.com66,Bangladesh,223065,Regular,Applicable,5.7,108kg,2567954,B+,Guardian Name,3287450,458564497,Relation,Address,References Name,1525325509,2523254620,Relation,Address,1,123521,112243609,SSC,117912,2084,JS,Demo Company,Designation,67 year
69,1,1,1,1,2019-09-30,112300,190101078,68,Demo Name 68,Father Name 68,Mother Name 68,2019-09-58,Male,Single,Muslim,Kollyanpur Dhaka,4356855,Khulna68,1345326855,email1@gmail.com67,Bangladesh,223066,Regular,Applicable,5.7,108kg,2567955,B+,Guardian Name,3287451,458564498,Relation,Address,References Name,1525325510,2523254621,Relation,Address,1,123522,112243610,SSC,117913,2085,JS,Demo Company,Designation,68 year
70,1,1,1,1,2019-09-30,112301,190101079,69,Demo Name 69,Father Name 69,Mother Name 69,2019-09-59,Male,Single,Muslim,Kollyanpur Dhaka,4356856,Khulna69,1345326856,email1@gmail.com68,Bangladesh,223067,Regular,Applicable,5.7,109kg,2567956,B+,Guardian Name,3287452,458564499,Relation,Address,References Name,1525325511,2523254622,Relation,Address,1,123523,112243611,SSC,117914,2086,JS,Demo Company,Designation,69 year
71,1,1,1,1,2019-09-30,112302,190101080,70,Demo Name 70,Father Name 70,Mother Name 70,2019-09-59,Male,Single,Muslim,Kollyanpur Dhaka,4356857,Khulna70,1345326857,email1@gmail.com69,Bangladesh,223068,Regular,Applicable,5.7,109kg,2567957,B+,Guardian Name,3287453,458564500,Relation,Address,References Name,1525325512,2523254623,Relation,Address,1,123524,112243612,SSC,117915,2087,JS,Demo Company,Designation,70 year
72,1,1,1,1,2019-09-30,112303,190101081,71,Demo Name 71,Father Name 71,Mother Name 71,2019-09-60,Male,Single,Muslim,Kollyanpur Dhaka,4356858,Khulna71,1345326858,email1@gmail.com70,Bangladesh,223069,Regular,Applicable,5.7,110kg,2567958,B+,Guardian Name,3287454,458564501,Relation,Address,References Name,1525325513,2523254624,Relation,Address,1,123525,112243613,SSC,117916,2088,JS,Demo Company,Designation,71 year
73,1,1,1,1,2019-09-30,112304,190101082,72,Demo Name 72,Father Name 72,Mother Name 72,2019-09-60,Male,Single,Muslim,Kollyanpur Dhaka,4356859,Khulna72,1345326859,email1@gmail.com71,Bangladesh,223070,Regular,Applicable,5.7,110kg,2567959,B+,Guardian Name,3287455,458564502,Relation,Address,References Name,1525325514,2523254625,Relation,Address,1,123526,112243614,SSC,117917,2089,JS,Demo Company,Designation,72 year
74,1,1,1,1,2019-09-30,112305,190101083,73,Demo Name 73,Father Name 73,Mother Name 73,2019-09-61,Male,Single,Muslim,Kollyanpur Dhaka,4356860,Khulna73,1345326860,email1@gmail.com72,Bangladesh,223071,Regular,Applicable,5.7,111kg,2567960,B+,Guardian Name,3287456,458564503,Relation,Address,References Name,1525325515,2523254626,Relation,Address,1,123527,112243615,SSC,117918,2090,JS,Demo Company,Designation,73 year
75,1,1,1,1,2019-09-30,112306,190101084,74,Demo Name 74,Father Name 74,Mother Name 74,2019-09-61,Male,Single,Muslim,Kollyanpur Dhaka,4356861,Khulna74,1345326861,email1@gmail.com73,Bangladesh,223072,Regular,Applicable,5.7,111kg,2567961,B+,Guardian Name,3287457,458564504,Relation,Address,References Name,1525325516,2523254627,Relation,Address,1,123528,112243616,SSC,117919,2091,JS,Demo Company,Designation,74 year
76,1,1,1,1,2019-09-30,112307,190101085,75,Demo Name 75,Father Name 75,Mother Name 75,2019-09-62,Male,Single,Muslim,Kollyanpur Dhaka,4356862,Khulna75,1345326862,email1@gmail.com74,Bangladesh,223073,Regular,Applicable,5.7,112kg,2567962,B+,Guardian Name,3287458,458564505,Relation,Address,References Name,1525325517,2523254628,Relation,Address,1,123529,112243617,SSC,117920,2092,JS,Demo Company,Designation,75 year
77,1,1,1,1,2019-09-30,112308,190101086,76,Demo Name 76,Father Name 76,Mother Name 76,2019-09-62,Male,Single,Muslim,Kollyanpur Dhaka,4356863,Khulna76,1345326863,email1@gmail.com75,Bangladesh,223074,Regular,Applicable,5.7,112kg,2567963,B+,Guardian Name,3287459,458564506,Relation,Address,References Name,1525325518,2523254629,Relation,Address,1,123530,112243618,SSC,117921,2093,JS,Demo Company,Designation,76 year
78,1,1,1,1,2019-09-30,112309,190101087,77,Demo Name 77,Father Name 77,Mother Name 77,2019-09-63,Male,Single,Muslim,Kollyanpur Dhaka,4356864,Khulna77,1345326864,email1@gmail.com76,Bangladesh,223075,Regular,Applicable,5.7,113kg,2567964,B+,Guardian Name,3287460,458564507,Relation,Address,References Name,1525325519,2523254630,Relation,Address,1,123531,112243619,SSC,117922,2094,JS,Demo Company,Designation,77 year
79,1,1,1,1,2019-09-30,112310,190101088,78,Demo Name 78,Father Name 78,Mother Name 78,2019-09-63,Male,Single,Muslim,Kollyanpur Dhaka,4356865,Khulna78,1345326865,email1@gmail.com77,Bangladesh,223076,Regular,Applicable,5.7,113kg,2567965,B+,Guardian Name,3287461,458564508,Relation,Address,References Name,1525325520,2523254631,Relation,Address,1,123532,112243620,SSC,117923,2095,JS,Demo Company,Designation,78 year
80,1,1,1,1,2019-09-30,112311,190101089,79,Demo Name 79,Father Name 79,Mother Name 79,2019-09-64,Male,Single,Muslim,Kollyanpur Dhaka,4356866,Khulna79,1345326866,email1@gmail.com78,Bangladesh,223077,Regular,Applicable,5.7,114kg,2567966,B+,Guardian Name,3287462,458564509,Relation,Address,References Name,1525325521,2523254632,Relation,Address,1,123533,112243621,SSC,117924,2096,JS,Demo Company,Designation,79 year
81,1,1,1,1,2019-09-30,112312,190101090,80,Demo Name 80,Father Name 80,Mother Name 80,2019-09-64,Male,Single,Muslim,Kollyanpur Dhaka,4356867,Khulna80,1345326867,email1@gmail.com79,Bangladesh,223078,Regular,Applicable,5.7,114kg,2567967,B+,Guardian Name,3287463,458564510,Relation,Address,References Name,1525325522,2523254633,Relation,Address,1,123534,112243622,SSC,117925,2097,JS,Demo Company,Designation,80 year
82,1,1,1,1,2019-09-30,112313,190101091,81,Demo Name 81,Father Name 81,Mother Name 81,2019-09-65,Male,Single,Muslim,Kollyanpur Dhaka,4356868,Khulna81,1345326868,email1@gmail.com80,Bangladesh,223079,Regular,Applicable,5.7,115kg,2567968,B+,Guardian Name,3287464,458564511,Relation,Address,References Name,1525325523,2523254634,Relation,Address,1,123535,112243623,SSC,117926,2098,JS,Demo Company,Designation,81 year
83,1,1,1,1,2019-09-30,112314,190101092,82,Demo Name 82,Father Name 82,Mother Name 82,2019-09-65,Male,Single,Muslim,Kollyanpur Dhaka,4356869,Khulna82,1345326869,email1@gmail.com81,Bangladesh,223080,Regular,Applicable,5.7,115kg,2567969,B+,Guardian Name,3287465,458564512,Relation,Address,References Name,1525325524,2523254635,Relation,Address,1,123536,112243624,SSC,117927,2099,JS,Demo Company,Designation,82 year
84,1,1,1,1,2019-09-30,112315,190101093,83,Demo Name 83,Father Name 83,Mother Name 83,2019-09-66,Male,Single,Muslim,Kollyanpur Dhaka,4356870,Khulna83,1345326870,email1@gmail.com82,Bangladesh,223081,Regular,Applicable,5.7,116kg,2567970,B+,Guardian Name,3287466,458564513,Relation,Address,References Name,1525325525,2523254636,Relation,Address,1,123537,112243625,SSC,117928,2100,JS,Demo Company,Designation,83 year
85,1,1,1,1,2019-09-30,112316,190101094,84,Demo Name 84,Father Name 84,Mother Name 84,2019-09-66,Male,Single,Muslim,Kollyanpur Dhaka,4356871,Khulna84,1345326871,email1@gmail.com83,Bangladesh,223082,Regular,Applicable,5.7,116kg,2567971,B+,Guardian Name,3287467,458564514,Relation,Address,References Name,1525325526,2523254637,Relation,Address,1,123538,112243626,SSC,117929,2101,JS,Demo Company,Designation,84 year
86,1,1,1,1,2019-09-30,112317,190101095,85,Demo Name 85,Father Name 85,Mother Name 85,2019-09-67,Male,Single,Muslim,Kollyanpur Dhaka,4356872,Khulna85,1345326872,email1@gmail.com84,Bangladesh,223083,Regular,Applicable,5.7,117kg,2567972,B+,Guardian Name,3287468,458564515,Relation,Address,References Name,1525325527,2523254638,Relation,Address,1,123539,112243627,SSC,117930,2102,JS,Demo Company,Designation,85 year
87,1,1,1,1,2019-09-30,112318,190101096,86,Demo Name 86,Father Name 86,Mother Name 86,2019-09-67,Male,Single,Muslim,Kollyanpur Dhaka,4356873,Khulna86,1345326873,email1@gmail.com85,Bangladesh,223084,Regular,Applicable,5.7,117kg,2567973,B+,Guardian Name,3287469,458564516,Relation,Address,References Name,1525325528,2523254639,Relation,Address,1,123540,112243628,SSC,117931,2103,JS,Demo Company,Designation,86 year
88,1,1,1,1,2019-09-30,112319,190101097,87,Demo Name 87,Father Name 87,Mother Name 87,2019-09-68,Male,Single,Muslim,Kollyanpur Dhaka,4356874,Khulna87,1345326874,email1@gmail.com86,Bangladesh,223085,Regular,Applicable,5.7,118kg,2567974,B+,Guardian Name,3287470,458564517,Relation,Address,References Name,1525325529,2523254640,Relation,Address,1,123541,112243629,SSC,117932,2104,JS,Demo Company,Designation,87 year
89,1,1,1,1,2019-09-30,112320,190101098,88,Demo Name 88,Father Name 88,Mother Name 88,2019-09-68,Male,Single,Muslim,Kollyanpur Dhaka,4356875,Khulna88,1345326875,email1@gmail.com87,Bangladesh,223086,Regular,Applicable,5.7,118kg,2567975,B+,Guardian Name,3287471,458564518,Relation,Address,References Name,1525325530,2523254641,Relation,Address,1,123542,112243630,SSC,117933,2105,JS,Demo Company,Designation,88 year
90,1,1,1,1,2019-09-30,112321,190101099,89,Demo Name 89,Father Name 89,Mother Name 89,2019-09-69,Male,Single,Muslim,Kollyanpur Dhaka,4356876,Khulna89,1345326876,email1@gmail.com88,Bangladesh,223087,Regular,Applicable,5.7,119kg,2567976,B+,Guardian Name,3287472,458564519,Relation,Address,References Name,1525325531,2523254642,Relation,Address,1,123543,112243631,SSC,117934,2106,JS,Demo Company,Designation,89 year
91,1,1,1,1,2019-09-30,112322,190101100,90,Demo Name 90,Father Name 90,Mother Name 90,2019-09-69,Male,Single,Muslim,Kollyanpur Dhaka,4356877,Khulna90,1345326877,email1@gmail.com89,Bangladesh,223088,Regular,Applicable,5.7,119kg,2567977,B+,Guardian Name,3287473,458564520,Relation,Address,References Name,1525325532,2523254643,Relation,Address,1,123544,112243632,SSC,117935,2107,JS,Demo Company,Designation,90 year
92,1,1,1,1,2019-09-30,112323,190101101,91,Demo Name 91,Father Name 91,Mother Name 91,2019-09-70,Male,Single,Muslim,Kollyanpur Dhaka,4356878,Khulna91,1345326878,email1@gmail.com90,Bangladesh,223089,Regular,Applicable,5.7,120kg,2567978,B+,Guardian Name,3287474,458564521,Relation,Address,References Name,1525325533,2523254644,Relation,Address,1,123545,112243633,SSC,117936,2108,JS,Demo Company,Designation,91 year
93,1,1,1,1,2019-09-30,112324,190101102,92,Demo Name 92,Father Name 92,Mother Name 92,2019-09-70,Male,Single,Muslim,Kollyanpur Dhaka,4356879,Khulna92,1345326879,email1@gmail.com91,Bangladesh,223090,Regular,Applicable,5.7,120kg,2567979,B+,Guardian Name,3287475,458564522,Relation,Address,References Name,1525325534,2523254645,Relation,Address,1,123546,112243634,SSC,117937,2109,JS,Demo Company,Designation,92 year
94,1,1,1,1,2019-09-30,112325,190101103,93,Demo Name 93,Father Name 93,Mother Name 93,2019-09-71,Male,Single,Muslim,Kollyanpur Dhaka,4356880,Khulna93,1345326880,email1@gmail.com92,Bangladesh,223091,Regular,Applicable,5.7,121kg,2567980,B+,Guardian Name,3287476,458564523,Relation,Address,References Name,1525325535,2523254646,Relation,Address,1,123547,112243635,SSC,117938,2110,JS,Demo Company,Designation,93 year
95,1,1,1,1,2019-09-30,112326,190101104,94,Demo Name 94,Father Name 94,Mother Name 94,2019-09-71,Male,Single,Muslim,Kollyanpur Dhaka,4356881,Khulna94,1345326881,email1@gmail.com93,Bangladesh,223092,Regular,Applicable,5.7,121kg,2567981,B+,Guardian Name,3287477,458564524,Relation,Address,References Name,1525325536,2523254647,Relation,Address,1,123548,112243636,SSC,117939,2111,JS,Demo Company,Designation,94 year
96,1,1,1,1,2019-09-30,112327,190101105,95,Demo Name 95,Father Name 95,Mother Name 95,2019-09-72,Male,Single,Muslim,Kollyanpur Dhaka,4356882,Khulna95,1345326882,email1@gmail.com94,Bangladesh,223093,Regular,Applicable,5.7,122kg,2567982,B+,Guardian Name,3287478,458564525,Relation,Address,References Name,1525325537,2523254648,Relation,Address,1,123549,112243637,SSC,117940,2112,JS,Demo Company,Designation,95 year
97,1,1,1,1,2019-09-30,112328,190101106,96,Demo Name 96,Father Name 96,Mother Name 96,2019-09-72,Male,Single,Muslim,Kollyanpur Dhaka,4356883,Khulna96,1345326883,email1@gmail.com95,Bangladesh,223094,Regular,Applicable,5.7,122kg,2567983,B+,Guardian Name,3287479,458564526,Relation,Address,References Name,1525325538,2523254649,Relation,Address,1,123550,112243638,SSC,117941,2113,JS,Demo Company,Designation,96 year
